"cited","citing"
"10.1038/nature19791","10.1096/fj.201801909r"
"10.1038/nature19791","10.1002/ange.201901572"
"10.1038/nature19791","10.1021/acs.langmuir.7b03617"
"10.1038/nature19791","10.1038/nchembio.2380"
"10.1038/nature19791","10.1016/j.str.2020.04.005"
"10.1038/nature19791","10.1021/acs.jcim.7b00677"
"10.1038/nature19791","10.1016/j.jmb.2021.167160"
"10.1038/nature19791","10.1002/adma.201804971"
"10.1038/nature19791","10.1038/s41598-017-05037-1"
"10.1038/nature19791","10.3389/fimmu.2022.999034"
"10.1038/nature19791","10.1039/c7sc03956e"
"10.1038/nature19791","10.1002/advs.202104012"
"10.1038/nature19791","10.1021/acs.jpclett.2c02385"
"10.1038/nature19791","10.1021/acs.biochem.9b00065"
"10.1038/nature19791","10.1021/acs.biochem.8b00940"
"10.1038/nature19791","10.7554/elife.32955"
"10.1038/nature19791","10.1038/s41467-022-29210-x"
"10.1038/nature19791","10.1186/s12870-018-1361-y"
"10.1038/nature19791","10.1039/c9cc07898c"
"10.1038/nature19791","10.1021/acs.biochem.7b00722"
"10.1038/nature19791","10.1021/acs.biochem.7b00375"
"10.1038/nature19791","10.1039/d1md00098e"
"10.1038/nature19791","10.1016/j.crstbi.2021.02.002"
"10.1038/nature19791","10.1016/j.matt.2019.09.013"
"10.1038/nature19791","10.1021/jacs.2c04620"
"10.1038/nature19791","10.1021/jacs.2c00216"
"10.1038/nature19791","10.1186/s40580-021-00294-3"
"10.1038/nature19791","10.1093/protein/gzab007"
"10.1038/nature19791","10.1093/protein/gzz016"
"10.1038/nature19791","10.1093/protein/gzz009"
"10.1038/nature19791","10.1093/protein/gzy028"
"10.1038/nature19791","10.1016/j.biotechadv.2022.108032"
"10.1038/nature19791","10.1002/macp.202200103"
"10.1038/nature19791","10.1002/pro.4368"
"10.1038/nature19791","10.1002/pro.3974"
"10.1038/nature19791","10.1002/pro.3758"
"10.1038/nature19791","10.1002/pro.3721"
"10.1038/nature19791","10.1002/pro.3601"
"10.1038/nature19791","10.1038/s41467-021-27222-7"
"10.1038/nature19791","10.1038/s41467-017-02098-8"
"10.1038/nature19791","10.3390/info8010029"
"10.1038/nature19791","10.1016/j.bcp.2020.114291"
"10.1038/nature19791","10.1038/s41524-020-0288-7"
"10.1038/nature19791","10.1002/pro.3453"
"10.1038/nature19791","10.1002/pro.3313"
"10.1038/nature19791","10.1021/acs.analchem.8b01556"
"10.1038/nature19791","10.1021/acs.analchem.8b01624"
"10.1038/nature19791","10.1002/anie.201901572"
"10.1038/nature19791","10.1002/anie.201813827"
"10.1038/nature19791","10.1016/j.molliq.2021.116537"
"10.1038/nature19791","10.1021/jacs.1c04378"
"10.1038/nature19791","10.1039/d0cb00062k"
"10.1038/nature19791","10.1073/pnas.2116097119"
"10.1038/nature19791","10.1002/syst.202000025"
"10.1038/nature19791","10.1016/j.gce.2022.07.010"
"10.1038/nature19791","10.1093/bib/bbad289"
"10.1038/nature19791","10.1126/science.abj7662"
"10.1038/nature19791","10.1088/1361-6633/ac78ef"
"10.1038/nature19791","10.1016/j.sbi.2020.10.015"
"10.1038/nature19791","10.1002/anie.201801361"
"10.1038/nature19791","10.1016/j.bmcl.2022.128806"
"10.1038/nature19791","10.1038/s41467-021-23609-8"
"10.1038/nature19791","10.1002/1873-3468.13796"
"10.1038/nature19791","10.1002/1873-3468.13444"
"10.1038/nature19791","10.1021/acs.jmedchem.0c02159"
"10.1038/nature19791","10.1039/c7cc09142g"
"10.1038/nature19791","10.1002/pro.4908"
"10.1038/nature19791","10.1016/j.tibs.2019.12.008"
"10.1038/nature19791","10.1016/j.sbi.2020.04.006"
"10.1038/nature19791","10.1016/j.sbi.2017.03.012"
"10.1038/nature19791","10.1016/j.bmcl.2021.127852"
"10.1038/nature19791","10.1021/jacs.9b11617"
"10.1038/nature19791","10.1021/acs.jmedchem.0c01500"
"10.1038/nature19791","10.1021/acs.jmedchem.0c00303"
"10.1038/nature19791","10.1073/pnas.2102164118"
"10.1038/nature19791","10.1073/pnas.2102168118"
"10.1038/nature19791","10.1016/j.bpj.2024.01.029"
"10.1038/nature19791","10.4155/tde-2017-0020"
"10.1038/nature19791","10.1021/acs.joc.0c01600"
"10.1038/nature19791","10.1080/17460441.2021.1961740"
"10.1038/nature19791","10.1080/17460441.2021.1918097"
"10.1038/nature19791","10.1080/17460441.2020.1751117"
"10.1038/nature19791","10.1080/17460441.2019.1552936"
"10.1038/nature19791","10.1080/17460441.2018.1465922"
"10.1038/nature19791","10.1080/17460441.2018.1445085"
"10.1038/nature19791","10.1080/17460441.2017.1317243"
"10.1038/nature19791","10.1073/pnas.2021569118"
"10.1038/nature19791","10.1073/pnas.2012800118"
"10.1038/nature19791","10.1073/pnas.2017228118"
"10.1038/nature19791","10.1039/c7cc90258a"
"10.1038/nature19791","10.1073/pnas.2206240119"
"10.1038/nature19791","10.1080/07391102.2019.1682051"
"10.1038/nature19791","10.1021/acscentsci.8b00912"
"10.1038/nature19791","10.1016/j.jsb.2018.02.004"
"10.1038/nature19791","10.1016/j.jsb.2017.09.001"
"10.1038/nature19791","10.1002/ange.201813827"
"10.1038/nature19791","10.1038/s41587-020-0577-1"
"10.1038/nature19791","10.1002/cbic.202100450"
"10.1038/nature19791","10.18359/rfcb.5434"
"10.1038/nature19791","10.1016/j.xphs.2020.12.041"
"10.1038/nature19791","10.1021/acs.accounts.7b00186"
"10.1038/nature19791","10.1021/acs.jpcb.8b10649"
"10.1038/nature19791","10.1021/acschemneuro.1c00567"
"10.1038/nature19791","10.1039/c9ra02137j"
"10.1038/nature19791","10.1038/s41467-020-20549-7"
"10.1038/nature19791","10.1021/acs.jmedchem.8b00378"
"10.1038/nature19791","10.1016/j.cclet.2022.107871"
"10.1038/nature19791","10.1126/science.aau3775"
"10.1038/nature19791","10.1039/d2sc00924b"
"10.1038/nature19791","10.1016/j.biomaterials.2017.02.023"
"10.1038/nature19791","10.1021/acsnano.0c09509"
"10.1038/nature19791","10.1002/anie.201611914"
"10.1038/nature19791","10.1021/acs.joc.9b00164"
"10.1038/nature19791","10.1021/jacs.8b11246"
"10.1038/nature19791","10.3390/v13102047"
"10.1038/nature19791","10.1038/s41467-023-41717-5"
"10.1038/nature19791","10.1039/d1sc02952e"
"10.1038/nature19791","10.1039/d1sc00692d"
"10.1038/nature19791","10.1039/d1sc01031j"
"10.1038/nature19791","10.1002/anie.201702472"
"10.1038/nature19791","10.1021/jacs.8b10082"
"10.1038/nature19791","10.3389/fnmol.2019.00054"
"10.1038/nature19791","10.1021/acs.jnatprod.1c00672"
"10.1038/nature19791","10.1038/nature23912"
"10.1038/nature19791","10.1126/science.aap7577"
"10.1038/nature19791","10.1126/science.aap9608"
"10.1038/nature19791","10.1016/j.bmc.2020.115896"
"10.1038/nature19791","10.1073/pnas.1914982117"
"10.1038/nature19791","10.1021/acs.jnatprod.8b00521"
"10.1038/nature19791","10.1515/hsz-2018-0348"
"10.1038/nature19791","10.1021/acs.jctc.3c01054"
"10.1038/nature19791","10.1126/science.aan0693"
"10.1038/nature19791","10.1111/febs.14394"
"10.1038/nature19791","10.1098/rsif.2018.0472"
"10.1038/nature19791","10.1016/j.ddtec.2017.11.007"
"10.1038/nature19791","10.1021/acs.jcim.1c00453"
"10.1038/nature19791","10.1515/psr-2020-0125"
"10.1038/nature19791","10.1021/acsbiomedchemau.2c00008"
"10.1038/nature19791","10.1038/s41594-021-00649-8"
"10.1038/nature19791","10.1038/s41594-018-0141-6"
"10.1038/nature19791","10.1038/s41594-018-0033-9"
"10.1038/nature19791","10.1074/jbc.ra118.004146"
"10.1038/nature19791","10.1016/j.biotechadv.2018.10.011"
"10.1038/nature19791","10.1021/acs.chemrev.0c01087"
"10.1038/nature19791","10.1002/chem.202101201"
"10.1038/nature19791","10.1021/acs.jcim.8b00375"
"10.1038/nature19791","10.1021/acs.jcim.8b00267"
"10.1038/nature19791","10.1016/j.csbj.2022.08.070"
"10.1038/nature19791","10.1073/pnas.2206111119"
"10.1038/nature19791","10.1038/nature19946"
"10.1038/nature19791","10.1039/d3cc04630c"
"10.1038/nature19791","10.1039/c7sc05163h"
"10.1038/nature19791","10.1021/acsomega.0c02574"
"10.1038/nature19791","10.1016/j.bbagen.2020.129633"
"10.1038/nature19791","10.1103/physrevresearch.6.013162"
"10.1038/nature19791","10.1002/wcms.1374"
"10.1038/nature19791","10.1002/wcms.1318"
"10.1038/nature19791","10.3389/fmolb.2022.848689"
"10.1038/nature19791","10.1017/s0033583519000131"
"10.1038/nature19791","10.1002/cbic.201800558"
"10.1038/nature19791","10.1002/cbic.201800346"
"10.1038/nature19791","10.1002/cbic.201800026"
"10.1038/nature19791","10.1016/j.cell.2022.07.019"
"10.1038/nature19791","10.1016/j.cbpa.2020.02.002"
"10.1038/nature19791","10.1016/j.cell.2020.08.015"
"10.1038/nature19791","10.1002/ddr.21398"
"10.1038/nature19791","10.1002/jcc.25589"
"10.1038/nature19791","10.1073/pnas.2207327119"
"10.1038/nature19791","10.1039/c8ob01678j"
"10.1038/nature19791","10.1073/pnas.2207974120"
"10.1038/nature19791","10.1039/c6ob02746f"
"10.1038/nature19791","10.2174/0929867325666180831165704"
"10.1038/nature19791","10.1038/s41467-024-45480-z"
"10.1038/nature19791","10.1016/j.ijbiomac.2023.127089"
"10.1038/nature19791","10.2174/1381612828666220929154255"
"10.1038/nature19791","10.1039/d2cp04690c"
"10.1038/nature19791","10.1016/j.ijbiomac.2023.126811"
"10.1038/nature19791","10.2147/oajc.s375634"
"10.1038/nature19791","10.1002/ange.201801361"
"10.1038/nature19791","10.1021/acs.jpclett.0c00929"
"10.1038/nature19791","10.1371/journal.pone.0240450"
"10.1038/nature19791","10.1146/annurev-micro-090816-093247"
"10.1038/nature19791","10.1371/journal.pcbi.1010271"
"10.1038/nature19791","10.1371/journal.pcbi.1009037"
"10.1038/nature19791","10.1002/cbic.202200537"
"10.1038/nature19791","10.1371/journal.pcbi.1010947"
"10.1038/nature19791","10.1016/j.cclet.2018.03.015"
"10.1038/nature19791","10.1007/s11356-021-15310-6"
"10.1038/nature19791","10.1126/scitranslmed.abn0402"
"10.1038/nature19791","10.1021/acs.orglett.9b00378"
"10.1038/nature19791","10.1021/acs.jctc.1c00077"
"10.1038/nature19791","10.1073/pnas.1722633115"
"10.1038/nature19791","10.1016/j.drudis.2021.01.022"
"10.1038/nature19791","10.1039/d2cc00008c"
"10.1038/nature19791","10.3389/fmolb.2022.928534"
"10.1038/nature19791","10.1016/j.ijbiomac.2020.05.102"
"10.1038/nature19791","10.1021/acs.jctc.7b00125"
"10.1038/nature19791","10.1002/cbic.202200588"
"10.1038/nature19791","10.1021/jacs.2c12462"
"10.1038/nature19791","10.1038/s41586-023-05993-x"
"10.1038/nature19791","10.1371/journal.pcbi.1006969"
"10.1038/nature19791","10.1016/j.pep.2019.01.007"
"10.1038/nature19791","10.1021/acs.molpharmaceut.0c00118"
"10.1038/nature19791","10.1021/acs.jctc.9b00101"
"10.1038/nature19791","10.1021/acscatal.1c01097"
"10.1038/nature19791","10.1016/j.tips.2019.04.012"
"10.1038/nature19791","10.1016/j.tips.2019.03.004"
"10.1038/nature19791","10.1038/s41598-018-24766-5"
"10.1038/nature19791","10.1038/s41598-018-24760-x"
"10.1038/nature19791","10.1038/s41467-022-33004-6"
"10.1038/nature19791","10.1038/s41467-022-32075-9"
"10.1038/nature19791","10.1039/d2sc05343h"
"10.1038/nature19791","10.1038/s41573-019-0013-8"
"10.1038/nature19791","10.1093/bioinformatics/btab598"
"10.1038/nature19791","10.1093/bib/bby130"
"10.1038/nature19791","10.1002/ange.201702472"
"10.1038/nature19791","10.1038/s41589-020-00699-x"
"10.1038/nature19791","10.1038/s41592-020-0848-2"
"10.1038/nature19791","10.1002/prot.25445"
"10.1038/nature19791","10.1007/s10989-022-10362-9"
"10.1038/nature19791","10.1016/j.csbj.2022.06.021"
"10.1038/nature19791","10.1073/pnas.1713526115"
"10.1038/nature19791","10.1021/acs.jmedchem.2c01077"
"10.1038/nature19791","10.1007/s10822-022-00482-1"
"10.1038/nature19791","10.1021/acs.jpcb.2c05470"
"10.1038/nature19791","10.1007/s11244-018-0953-y"
"10.1038/nature19791","10.1016/j.jbc.2021.100558"
"10.1038/nature19791","10.1016/j.jbc.2021.100425"
"10.1038/nature19791","10.1021/acs.analchem.1c00395"
"10.1038/nature19791","10.1002/ange.201611914"
"10.1038/nature19791","10.3390/toxins12090598"
"10.1038/nature19791","10.1038/s41589-018-0039-y"
"10.1038/nature19791","10.1021/acs.jctc.7b00125"
"10.1038/nature19791","10.1016/j.csbj.2020.06.018"
"10.1038/nature19791","10.1073/pnas.1710695114"
"10.1038/nature19791","10.1002/cbic.202300745"
"10.1038/nature19791","10.1038/s41594-023-01147-9"
"10.1038/nature19791","10.7554/elife.36326"
"10.1038/nature19791","10.3390/ijms22041611"
"10.1038/nature19791","10.3389/fphar.2022.842032"
"10.1038/nature19791","10.1002/chem.201703199"
"10.1038/nature19791","10.3390/mca26020039"
"10.1038/nature19791","10.3390/life7020023"
"10.1038/nature19791","10.1186/s12859-024-05637-5"
"10.1038/nature19791","10.1021/acs.biochem.0c00533"
"10.1073/pnas.71.10.4135","10.1016/j.biotechadv.2013.04.008"
"10.1073/pnas.71.10.4135","10.1111/febs.12892"
"10.1073/pnas.71.10.4135","10.1111/febs.12532"
"10.1073/pnas.71.10.4135","10.1098/rsif.2008.0280"
"10.1073/pnas.71.10.4135","10.1016/j.jtbi.2004.06.026"
"10.1073/pnas.71.10.4135","10.1111/j.1432-1033.1994.tb20059.x"
"10.1073/pnas.71.10.4135","10.1038/s41467-020-14806-y"
"10.1073/pnas.71.10.4135","10.1016/j.isci.2021.103526"
"10.1073/pnas.71.10.4135","10.1103/revmodphys.92.025001"
"10.1073/pnas.71.10.4135","10.1016/j.plrev.2016.06.010"
"10.1073/pnas.71.10.4135","10.1371/journal.pone.0000244"
"10.1073/pnas.71.10.4135","10.1111/j.1469-185x.2008.00052.x"
"10.1073/pnas.71.10.4135","10.1103/physrevresearch.3.l032034"
"10.1073/pnas.71.10.4135","10.1103/physrevlett.93.258103"
"10.1073/pnas.71.10.4135","10.1016/j.jmb.2021.167189"
"10.1073/pnas.71.10.4135","10.1016/j.jmb.2020.07.007"
"10.1073/pnas.71.10.4135","10.1016/s0022-2836(03)00236-5"
"10.1073/pnas.71.10.4135","10.1002/bies.950060109"
"10.1073/pnas.71.10.4135","10.1002/(sici)1521-1878(199802)20:2<181::aid-bies10>3.0.co;2-0"
"10.1073/pnas.71.10.4135","10.1002/bies.20010"
"10.1073/pnas.71.10.4135","10.1002/bies.10369"
"10.1073/pnas.71.10.4135","10.1016/j.physrep.2020.01.001"
"10.1073/pnas.71.10.4135","10.1016/j.physrep.2020.01.002"
"10.1073/pnas.71.10.4135","10.1016/j.physrep.2013.03.005"
"10.1073/pnas.71.10.4135","10.7124/bc.000873"
"10.1073/pnas.71.10.4135","10.7124/bc.00082d"
"10.1073/pnas.71.10.4135","10.1039/d2cs00114d"
"10.1073/pnas.71.10.4135","10.1073/pnas.1307288110"
"10.1073/pnas.71.10.4135","10.1073/pnas.1301585110"
"10.1073/pnas.71.10.4135","10.1073/pnas.0705988104"
"10.1073/pnas.71.10.4135","10.1038/269655a0"
"10.1073/pnas.71.10.4135","10.1016/j.physa.2022.127735"
"10.1073/pnas.71.10.4135","10.1002/qua.560480710"
"10.1073/pnas.71.10.4135","10.1038/nri2688"
"10.1073/pnas.71.10.4135","10.1038/nri2469"
"10.1073/pnas.71.10.4135","10.1126/science.1904626"
"10.1073/pnas.71.10.4135","10.1021/bi00588a039"
"10.1073/pnas.71.10.4135","10.1021/acs.jpcb.9b08380"
"10.1073/pnas.71.10.4135","10.1021/acs.jpcb.9b05722"
"10.1073/pnas.71.10.4135","10.1128/mr.42.3.529-576.1978"
"10.1073/pnas.71.10.4135","10.1128/mr.56.4.592-621.1992"
"10.1073/pnas.71.10.4135","10.1128/mr.60.1.103-134.1996"
"10.1073/pnas.71.10.4135","10.1128/mr.56.3.412-429.1992"
"10.1073/pnas.71.10.4135","10.1042/bst0360567"
"10.1073/pnas.71.10.4135","10.1098/rsfs.2022.0013"
"10.1073/pnas.71.10.4135","10.1038/nsmb.1880"
"10.1073/pnas.71.10.4135","10.1016/s0021-9258(19)51068-7"
"10.1073/pnas.71.10.4135","10.1074/jbc.m110.105320"
"10.1073/pnas.71.10.4135","10.1074/jbc.m110.133553"
"10.1073/pnas.71.10.4135","10.1016/j.pharmthera.2022.108175"
"10.1073/pnas.71.10.4135","10.1007/bf00331638"
"10.1073/pnas.71.10.4135","10.1016/j.copbio.2018.01.029"
"10.1073/pnas.71.10.4135","10.2119/molmed.2009.00026"
"10.1073/pnas.71.10.4135","10.1111/j.1432-1033.1979.tb12915.x"
"10.1073/pnas.71.10.4135","10.1142/s0218339018500158"
"10.1073/pnas.71.10.4135","10.1016/0014-5793(80)80211-0"
"10.1073/pnas.71.10.4135","10.1016/0014-5793(83)80519-5"
"10.1073/pnas.71.10.4135","10.3390/ijms22020952"
"10.1073/pnas.71.10.4135","10.1021/nl502890g"
"10.1073/pnas.71.10.4135","10.1371/journal.pcbi.1003300"
"10.1073/pnas.71.10.4135","10.1371/journal.pcbi.1003016"
"10.1073/pnas.71.10.4135","10.1103/physrevlett.115.038102"
"10.1073/pnas.71.10.4135","10.1016/j.semcdb.2011.03.009"
"10.1073/pnas.71.10.4135","10.1016/j.semcdb.2010.03.006"
"10.1073/pnas.71.10.4135","10.1002/bbpc.19770811216"
"10.1073/pnas.71.10.4135","10.1016/j.bpj.2014.09.038"
"10.1073/pnas.71.10.4135","10.1016/j.bpj.2013.04.042"
"10.1073/pnas.71.10.4135","10.1093/nar/gkac687"
"10.1073/pnas.71.10.4135","10.1103/physrevlett.131.068401"
"10.1073/pnas.71.10.4135","10.1039/d3cp04410f"
"10.1073/pnas.71.10.4135","10.1126/science.1206629"
"10.1073/pnas.71.10.4135","10.1126/science.3510456"
"10.1073/pnas.71.10.4135","10.1021/acs.biochem.9b00237"
"10.1073/pnas.71.10.4135","10.1021/bi00302a020"
"10.1073/pnas.71.10.4135","10.1103/physreve.99.060401"
"10.1073/pnas.71.10.4135","10.1103/physreve.99.052101"
"10.1073/pnas.71.10.4135","10.1103/physreve.99.022423"
"10.1073/pnas.71.10.4135","10.1021/jp026753k"
"10.1073/pnas.71.10.4135","10.1021/acschembio.9b00973"
"10.1073/pnas.71.10.4135","10.1016/j.bpj.2017.11.1170"
"10.1073/pnas.71.10.4135","10.1016/s0161-5890(02)00065-2"
"10.1073/pnas.71.10.4135","10.1016/s0021-9258(17)30277-6"
"10.1073/pnas.71.10.4135","10.1016/s0021-9258(17)34673-2"
"10.1073/pnas.71.10.4135","10.1074/jbc.m113.546515"
"10.1073/pnas.71.10.4135","10.1080/01496398208068550"
"10.1073/pnas.71.10.4135","10.1016/j.copbio.2013.04.008"
"10.1073/pnas.71.10.4135","10.1016/j.copbio.2009.08.006"
"10.1073/pnas.71.10.4135","10.1006/jtbi.2000.2163"
"10.1073/pnas.71.10.4135","10.1016/j.aam.2019.06.001"
"10.1073/pnas.71.10.4135","10.1038/s41467-018-03826-4"
"10.1073/pnas.71.10.4135","10.1093/nar/gku1370"
"10.1073/pnas.71.10.4135","10.1016/0014-5793(84)80617-1"
"10.1073/pnas.71.10.4135","10.3390/ijms21249449"
"10.1073/pnas.71.10.4135","10.1038/nrm2203"
"10.1073/pnas.71.10.4135","10.1063/1.5004793"
"10.1073/pnas.71.10.4135","10.3390/e21121212"
"10.1073/pnas.71.10.4135","10.3390/e21080743"
"10.1073/pnas.71.10.4135","10.1371/journal.pcbi.1002144"
"10.1073/pnas.71.10.4135","10.1371/journal.pcbi.1001069"
"10.1073/pnas.71.10.4135","10.1371/journal.pcbi.1000804"
"10.1073/pnas.71.10.4135","10.1371/journal.pbio.2006459"
"10.1073/pnas.71.10.4135","10.3934/biophy.2015.4.398"
"10.1073/pnas.71.10.4135","10.1109/memb.2006.1578663"
"10.1073/pnas.71.10.4135","10.1103/physreve.92.060101"
"10.1073/pnas.71.10.4135","10.1103/physreve.92.032702"
"10.1073/pnas.71.10.4135","10.1103/physreve.92.022716"
"10.1073/pnas.71.10.4135","10.1073/pnas.1610917113"
"10.1073/pnas.71.10.4135","10.1016/j.devcel.2019.04.031"
"10.1073/pnas.71.10.4135","10.1038/s41586-020-2447-x"
"10.1073/pnas.71.10.4135","10.1103/physreve.63.031909"
"10.1073/pnas.71.10.4135","10.1002/cphc.202200644"
"10.1073/pnas.71.10.4135","10.1021/bi00505a025"
"10.1073/pnas.71.10.4135","10.1103/physreve.98.012420"
"10.1073/pnas.71.10.4135","10.1016/j.cell.2006.05.045"
"10.1073/pnas.71.10.4135","10.1016/j.cell.2005.10.032"
"10.1073/pnas.71.10.4135","10.1016/j.cell.2005.09.034"
"10.1073/pnas.71.10.4135","10.1016/s0021-9258(17)33149-6"
"10.1073/pnas.71.10.4135","10.1016/s0021-9258(18)67064-4"
"10.1073/pnas.71.10.4135","10.1074/jbc.m113.544429"
"10.1073/pnas.71.10.4135","10.1016/s0958-1669(02)00329-4"
"10.1073/pnas.71.10.4135","10.1111/j.1432-1033.1979.tb02041.x"
"10.1073/pnas.71.10.4135","10.1038/nrm2023"
"10.1073/pnas.71.10.4135","10.1038/nrm1588"
"10.1073/pnas.71.10.4135","10.1021/ja3095558"
"10.1073/pnas.71.10.4135","10.3390/e20050368"
"10.1073/pnas.71.10.4135","10.3390/e20040306"
"10.1073/pnas.71.10.4135","10.1371/journal.pcbi.0030125"
"10.1073/pnas.71.10.4135","10.3390/genes2040998"
"10.1073/pnas.71.10.4135","10.3390/biom9100588"
"10.1073/pnas.71.10.4135","10.1007/s11538-013-9884-8"
"10.1073/pnas.71.10.4135","10.1016/j.jmb.2006.07.068"
"10.1073/pnas.71.10.4135","10.1016/j.jmb.2006.07.031"
"10.1073/pnas.71.10.4135","10.1073/pnas.1012051108"
"10.1073/pnas.71.10.4135","10.1016/j.devcel.2018.03.002"
"10.1073/pnas.71.10.4135","10.1016/j.devcel.2017.10.006"
"10.1073/pnas.71.10.4135","10.1016/j.devcel.2017.09.014"
"10.1073/pnas.71.10.4135","10.1016/j.bpj.2011.11.4018"
"10.1073/pnas.71.10.4135","10.1016/j.bpj.2011.10.037"
"10.1073/pnas.71.10.4135","10.1016/j.bpj.2011.07.001"
"10.1073/pnas.71.10.4135","10.1016/j.tcb.2022.07.006"
"10.1073/pnas.71.10.4135","10.1038/382496a0"
"10.1073/pnas.71.10.4135","10.1088/1367-2630/acc757"
"10.1073/pnas.71.10.4135","10.1128/jb.00852-08"
"10.1073/pnas.71.10.4135","10.1016/s0021-9258(20)79678-x"
"10.1073/pnas.71.10.4135","10.1074/jbc.m704788200"
"10.1073/pnas.71.10.4135","10.1091/mbc.e17-06-0350"
"10.1073/pnas.71.10.4135","10.1039/c6mb00388e"
"10.1073/pnas.71.10.4135","10.1039/c5mb00055f"
"10.1073/pnas.71.10.4135","10.1111/j.1432-1033.1977.tb11415.x"
"10.1073/pnas.71.10.4135","10.1063/1.5140714"
"10.1073/pnas.71.10.4135","10.1093/nar/gkt136"
"10.1073/pnas.71.10.4135","10.3390/ijms16059866"
"10.1073/pnas.71.10.4135","10.1016/s0300-9084(02)01409-8"
"10.1073/pnas.71.10.4135","10.1063/1.4967335"
"10.1073/pnas.71.10.4135","10.1021/jp004117l"
"10.1073/pnas.71.10.4135","10.4049/jimmunol.170.7.3769"
"10.1073/pnas.71.10.4135","10.1073/pnas.1602602113"
"10.1073/pnas.71.10.4135","10.1073/pnas.1608795113"
"10.1073/pnas.71.10.4135","10.1073/pnas.0503456102"
"10.1073/pnas.71.10.4135","10.1126/science.281.5376.568"
"10.1073/pnas.71.10.4135","10.1126/science.285.5436.2095"
"10.1073/pnas.71.10.4135","10.1126/science.1060612"
"10.1073/pnas.71.10.4135","10.1126/science.280.5363.541"
"10.1073/pnas.71.10.4135","10.1038/263289a0"
"10.1073/pnas.71.10.4135","10.1002/1099-1352(200101/02)14:1<42::aid-jmr518>3.0.co;2-8"
"10.1073/pnas.71.10.4135","10.1038/s41594-023-01078-5"
"10.1073/pnas.71.10.4135","10.1103/physrevresearch.5.023032"
"10.1073/pnas.71.10.4135","10.1103/physrevresearch.5.013170"
"10.1073/pnas.71.10.4135","10.1038/s41570-023-00558-y"
"10.1073/pnas.71.10.4135","10.1039/d0cp02422h"
"10.1073/pnas.71.10.4135","10.1021/acs.biochem.5b00122"
"10.1073/pnas.71.10.4135","10.1016/s0092-8674(00)80738-2"
"10.1073/pnas.71.10.4135","10.1042/bst0331460"
"10.1073/pnas.71.10.4135","10.1007/bf00986958"
"10.1073/pnas.71.10.4135","10.1007/bf00379994"
"10.1073/pnas.71.10.4135","10.1016/s0021-9258(18)45296-9"
"10.1073/pnas.71.10.4135","10.1016/j.tree.2005.11.008"
"10.1073/pnas.71.10.4135","10.1091/mbc.e14-02-0753"
"10.1073/pnas.71.10.4135","10.1002/pro.3190"
"10.1073/pnas.71.10.4135","10.1002/anie.201001436"
"10.1073/pnas.71.10.4135","10.1111/j.1432-1033.1982.tb06516.x"
"10.1073/pnas.71.10.4135","10.1093/nar/gks1240"
"10.1073/pnas.71.10.4135","10.1016/0014-5793(83)80026-x"
"10.1073/pnas.71.10.4135","10.1016/0014-5793(88)81225-0"
"10.1073/pnas.71.10.4135","10.1016/0014-5793(75)80702-2"
"10.1073/pnas.71.10.4135","10.1002/ange.19850971206"
"10.1073/pnas.71.10.4135","10.1038/emboj.2008.243"
"10.1073/pnas.71.10.4135","10.2976/1.2909080"
"10.1073/pnas.71.10.4135","10.1016/j.nbt.2011.11.016"
"10.1073/pnas.71.10.4135","10.1103/physreve.90.022704"
"10.1073/pnas.71.10.4135","10.1103/physreve.89.062716"
"10.1073/pnas.71.10.4135","10.1103/physreve.89.062108"
"10.1073/pnas.71.10.4135","10.1073/pnas.2021860119"
"10.1073/pnas.71.10.4135","10.1073/pnas.0501062102"
"10.1073/pnas.71.10.4135","10.1146/annurev.biochem.66.1.679"
"10.1073/pnas.71.10.4135","10.1146/annurev.biochem.70.1.415"
"10.1073/pnas.71.10.4135","10.3390/ijms232314728"
"10.1073/pnas.71.10.4135","10.1007/bf02084158"
"10.1073/pnas.71.10.4135","10.1021/ci0400213"
"10.1073/pnas.71.10.4135","10.1126/science.abj2040"
"10.1073/pnas.71.10.4135","10.1039/c2cp42041d"
"10.1073/pnas.71.10.4135","10.1103/physreve.96.012405"
"10.1073/pnas.71.10.4135","10.1103/physreve.95.042408"
"10.1073/pnas.71.10.4135","10.1007/bf00369898"
"10.1073/pnas.71.10.4135","10.7554/elife.02218"
"10.1073/pnas.71.10.4135","10.7554/elife.02272"
"10.1073/pnas.71.10.4135","10.1016/s0021-9258(19)62669-4"
"10.1073/pnas.71.10.4135","10.1074/jbc.m611294200"
"10.1073/pnas.71.10.4135","10.1098/rsta.2016.0343"
"10.1073/pnas.71.10.4135","10.1039/c004635c"
"10.1073/pnas.71.10.4135","10.1101/sqb.2001.66.249"
"10.1073/pnas.71.10.4135","10.1101/sqb.2001.66.17"
"10.1073/pnas.71.10.4135","10.1111/j.1432-1033.1978.tb20927.x"
"10.1073/pnas.71.10.4135","10.1080/15476286.2016.1256535"
"10.1073/pnas.71.10.4135","10.1093/nar/gks769"
"10.1073/pnas.71.10.4135","10.1093/nar/gkl586"
"10.1073/pnas.71.10.4135","10.3390/molecules200916643"
"10.1073/pnas.71.10.4135","10.1002/ange.202114581"
"10.1073/pnas.71.10.4135","10.1021/jp106657a"
"10.1073/pnas.71.10.4135","10.1063/1.4938009"
"10.1073/pnas.71.10.4135","10.1021/jp0124645"
"10.1073/pnas.71.10.4135","10.1371/journal.pbio.0000028"
"10.1073/pnas.71.10.4135","10.1534/genetics.120.303813"
"10.1073/pnas.71.10.4135","10.1016/s0375-9601(03)00205-6"
"10.1073/pnas.71.10.4135","10.1103/physreve.89.022712"
"10.1073/pnas.71.10.4135","10.1016/j.celrep.2018.09.008"
"10.1073/pnas.71.10.4135","10.3389/fimmu.2021.673196"
"10.1073/pnas.71.10.4135","10.1073/pnas.2119315119"
"10.1073/pnas.71.10.4135","10.15252/embr.202357561"
"10.1073/pnas.71.10.4135","10.1146/annurev-biophys-121219-081656"
"10.1073/pnas.71.10.4135","10.1146/annurev-biophys-121219-081542"
"10.1073/pnas.71.10.4135","10.1146/annurev-biophys-052118-115534"
"10.1073/pnas.71.10.4135","10.1146/annurev-biophys-060414-034148"
"10.1073/pnas.71.10.4135","10.1146/annurev-biophys-050511-102240"
"10.1073/pnas.71.10.4135","10.1021/bi00505a034"
"10.1073/pnas.71.10.4135","10.1103/physreve.95.012152"
"10.1073/pnas.71.10.4135","10.1103/physreve.94.052404"
"10.1073/pnas.71.10.4135","10.1021/jp102400u"
"10.1073/pnas.71.10.4135","10.1088/1361-6633/aab3ed"
"10.1073/pnas.71.10.4135","10.1088/1361-6633/aaa628"
"10.1073/pnas.71.10.4135","10.1088/1361-6633/aa995b"
"10.1073/pnas.71.10.4135","10.1088/1361-6633/aa5aeb"
"10.1073/pnas.71.10.4135","10.1016/s0968-0004(02)02064-9"
"10.1073/pnas.71.10.4135","10.1016/s0968-0004(00)01737-0"
"10.1073/pnas.71.10.4135","10.1016/j.sbi.2021.11.005"
"10.1073/pnas.71.10.4135","10.1074/jbc.m205126200"
"10.1073/pnas.71.10.4135","10.1098/rsta.2013.0110"
"10.1073/pnas.71.10.4135","10.1034/j.1600-065x.2002.18516.x"
"10.1073/pnas.71.10.4135","10.1002/anie.200900647"
"10.1073/pnas.71.10.4135","10.1016/j.jtbi.2011.08.023"
"10.1073/pnas.71.10.4135","10.1016/j.jtbi.2011.03.006"
"10.1073/pnas.71.10.4135","10.1016/j.jtbi.2010.04.001"
"10.1073/pnas.71.10.4135","10.1016/j.jtbi.2009.10.017"
"10.1073/pnas.71.10.4135","10.1093/nar/gkr525"
"10.1073/pnas.71.10.4135","10.1016/0014-5793(83)80169-0"
"10.1073/pnas.71.10.4135","10.1371/journal.pone.0200241"
"10.1073/pnas.71.10.4135","10.1371/journal.pone.0202331"
"10.1073/pnas.71.10.4135","10.1021/jp0139538"
"10.1073/pnas.71.10.4135","10.1103/physrevlett.110.248102"
"10.1073/pnas.71.10.4135","10.7498/aps.65.188702"
"10.1073/pnas.71.10.4135","10.1534/genetics.116.197590"
"10.1073/pnas.71.10.4135","10.1016/s0301-4622(02)00145-x"
"10.1073/pnas.71.10.4135","10.1016/s0301-4622(02)00160-6"
"10.1073/pnas.71.10.4135","10.1073/pnas.2103598118"
"10.1073/pnas.71.10.4135","10.1073/pnas.2102881118"
"10.1073/pnas.71.10.4135","10.1073/pnas.1506823112"
"10.1073/pnas.71.10.4135","10.1073/pnas.0408210101"
"10.1073/pnas.71.10.4135","10.1038/msb.2010.99"
"10.1073/pnas.71.10.4135","10.1038/ncb0306-209"
"10.1073/pnas.71.10.4135","10.1007/s10955-022-03037-8"
"10.1073/pnas.71.10.4135","10.1016/0014-5793(88)81225-0"
"10.1073/pnas.71.10.4135","10.1088/1478-3975/aceecd"
"10.1073/pnas.71.10.4135","10.1002/ange.202317997"
"10.1073/pnas.71.10.4135","10.1021/bi00459a014"
"10.1073/pnas.71.10.4135","10.1103/physreve.93.056401"
"10.1073/pnas.71.10.4135","10.1103/physreve.93.042420"
"10.1073/pnas.71.10.4135","10.1103/physreve.93.042419"
"10.1073/pnas.71.10.4135","10.1021/jp910730s"
"10.1073/pnas.71.10.4135","10.1088/0034-4885/75/7/076601"
"10.1073/pnas.71.10.4135","10.1088/0034-4885/75/2/026601"
"10.1073/pnas.71.10.4135","10.1088/0034-4885/70/7/r02"
"10.1073/pnas.71.10.4135","10.1016/j.tibs.2020.10.006"
"10.1073/pnas.71.10.4135","10.1016/j.tibs.2018.10.009"
"10.1073/pnas.71.10.4135","10.1074/jbc.m005819200"
"10.1073/pnas.71.10.4135","10.1016/s0021-9258(19)89185-8"
"10.1073/pnas.71.10.4135","10.1016/s0021-9258(19)86634-6"
"10.1073/pnas.71.10.4135","10.1016/s0021-9258(18)83740-1"
"10.1073/pnas.71.10.4135","10.1074/jbc.m605856200"
"10.1073/pnas.71.10.4135","10.1002/anie.198510151"
"10.1073/pnas.71.10.4135","10.1016/j.jtbi.2008.07.006"
"10.1073/pnas.71.10.4135","10.1128/br.40.3.552-590.1976"
"10.1073/pnas.71.10.4135","10.1038/ncomms13881"
"10.1073/pnas.71.10.4135","10.1093/nar/gkq763"
"10.1073/pnas.71.10.4135","10.1038/embor.2011.83"
"10.1073/pnas.71.10.4135","10.1007/s10522-008-9171-5"
"10.1073/pnas.71.10.4135","10.1002/2211-5463.12362"
"10.1073/pnas.71.10.4135","10.1103/physrevx.11.031055"
"10.1073/pnas.71.10.4135","10.1103/physrevx.11.031015"
"10.1073/pnas.71.10.4135","10.1103/physrevx.10.011066"
"10.1073/pnas.71.10.4135","10.1103/physrevx.9.041054"
"10.1073/pnas.71.10.4135","10.1103/physrevx.9.031012"
"10.1073/pnas.71.10.4135","10.1103/physrevlett.110.218102"
"10.1073/pnas.71.10.4135","10.1103/physrevlett.110.188101"
"10.1073/pnas.71.10.4135","10.1534/genetics.113.153197"
"10.1073/pnas.71.10.4135","10.1038/srep36314"
"10.1073/pnas.71.10.4135","10.1073/pnas.2026786118"
"10.1073/pnas.71.10.4135","10.1016/0014-5793(86)80222-8"
"10.1073/pnas.71.10.4135","10.1016/0014-5793(85)80065-x"
"10.1073/pnas.71.10.4135","10.3390/e25060881"
"10.1073/pnas.71.10.4135","10.1126/science.8446896"
"10.1073/pnas.71.10.4135","10.1021/bi1009776"
"10.1073/pnas.71.10.4135","10.1016/j.tibs.2012.04.001"
"10.1073/pnas.71.10.4135","10.1016/j.tibs.2012.02.009"
"10.1073/pnas.71.10.4135","10.1016/j.tibs.2006.07.006"
"10.1073/pnas.71.10.4135","10.1016/s0021-9258(18)34436-3"
"10.1073/pnas.71.10.4135","10.1016/s0021-9258(17)33788-2"
"10.1073/pnas.71.10.4135","10.1074/jbc.m603388200"
"10.1073/pnas.71.10.4135","10.1074/jbc.m602870200"
"10.1073/pnas.71.10.4135","10.1088/1742-5468/aace2d"
"10.1073/pnas.71.10.4135","10.1016/j.jtbi.2007.07.025"
"10.1073/pnas.71.10.4135","10.1038/ncomms13314"
"10.1073/pnas.71.10.4135","10.1016/j.febslet.2014.07.013"
"10.1073/pnas.71.10.4135","10.1371/journal.pone.0055230"
"10.1073/pnas.71.10.4135","10.1103/physrevx.7.021049"
"10.1073/pnas.71.10.4135","10.1103/physrevx.7.021004"
"10.1073/pnas.71.10.4135","10.1103/physrevx.6.041064"
"10.1073/pnas.71.10.4135","10.1103/physrevx.6.021022"
"10.1073/pnas.71.10.4135","10.1103/physrevx.5.041039"
"10.1073/pnas.71.10.4135","10.1103/physrevx.4.021016"
"10.1073/pnas.71.10.4135","10.1016/s0166-1280(02)00118-5"
"10.1073/pnas.71.10.4135","10.3389/fcimb.2019.00152"
"10.1073/pnas.71.10.4135","10.1103/physreve.87.032702"
"10.1073/pnas.71.10.4135","10.1128/mcb.14.12.8107-8116.1994"
"10.1073/pnas.71.10.4135","10.1073/pnas.2024300118"
"10.1073/pnas.71.10.4135","10.1073/pnas.1420903112"
"10.1073/pnas.71.10.4135","10.1016/s0165-2478(99)00030-9"
"10.1073/pnas.71.10.4135","10.1016/s0165-2478(99)00031-0"
"10.1073/pnas.71.10.4135","10.1016/j.tig.2009.07.005"
"10.1073/pnas.71.10.4135","10.1016/j.ceb.2023.102285"
"10.1073/pnas.71.10.4135","10.1126/science.aau5721"
"10.1073/pnas.71.10.4135","10.1126/science.aaw6434"
"10.1073/pnas.71.10.4135","10.1088/0953-8984/18/14/s03"
"10.1073/pnas.71.10.4135","10.1016/s0968-0004(03)00066-5"
"10.1073/pnas.71.10.4135","10.1016/s0021-9258(19)70100-8"
"10.1073/pnas.71.10.4135","10.1016/s0021-9258(17)43845-2"
"10.1073/pnas.71.10.4135","10.1016/s0021-9258(17)38194-2"
"10.1073/pnas.71.10.4135","10.1111/j.1742-4658.2011.08283.x"
"10.1073/pnas.71.10.4135","10.1021/cr300513p"
"10.1073/pnas.71.10.4135","10.1016/j.molcel.2010.10.020"
"10.1073/pnas.71.10.4135","10.1016/j.molcel.2010.07.014"
"10.1073/pnas.71.10.4135","10.1016/j.molcel.2010.06.009"
"10.1073/pnas.71.10.4135","10.1016/0014-5793(82)80693-5"
"10.1073/pnas.71.10.4135","10.1007/bf01960616"
"10.1073/pnas.71.10.4135","10.1002/ange.201001436"
"10.1073/pnas.71.10.4135","10.1021/jacs.6b05628"
"10.1073/pnas.71.10.4135","10.1083/jcb.201804136"
"10.1073/pnas.71.10.4135","10.1063/5.0094307"
"10.1073/pnas.71.10.4135","10.1088/1367-2630/ab1043"
"10.1073/pnas.71.10.4135","10.1016/j.tpb.2019.03.007"
"10.1073/pnas.71.10.4135","10.1103/physrevresearch.2.033524"
"10.1073/pnas.71.10.4135","10.1007/bf02705188"
"10.1073/pnas.71.10.4135","10.1016/j.jmb.2018.05.040"
"10.1073/pnas.71.10.4135","10.1016/j.physrep.2011.09.001"
"10.1073/pnas.71.10.4135","10.7124/bc.0001ee"
"10.1073/pnas.71.10.4135","10.1007/s12064-021-00354-6"
"10.1073/pnas.71.10.4135","10.1007/s12064-021-00342-w"
"10.1073/pnas.71.10.4135","10.1007/s12064-011-0134-z"
"10.1073/pnas.71.10.4135","10.1128/mcb.00165-16"
"10.1073/pnas.71.10.4135","10.1073/pnas.97.20.10679"
"10.1073/pnas.71.10.4135","10.1073/pnas.121171998"
"10.1073/pnas.71.10.4135","10.1073/pnas.1300752110"
"10.1073/pnas.71.10.4135","10.1038/nature07582"
"10.1073/pnas.71.10.4135","10.1038/278857a0"
"10.1073/pnas.71.10.4135","10.1038/nphys3230"
"10.1073/pnas.71.10.4135","10.1016/j.coisb.2022.100438"
"10.1073/pnas.71.10.4135","10.1016/j.coisb.2022.100434"
"10.1073/pnas.71.10.4135","10.1016/j.coisb.2022.100435"
"10.1073/pnas.71.10.4135","10.1038/nri1374"
"10.1073/pnas.71.10.4135","10.1002/bies.202300188"
"10.1073/pnas.71.10.4135","10.1021/acs.jpcb.9b03757"
"10.1073/pnas.71.10.4135","10.1016/j.cell.2021.03.007"
"10.1073/pnas.71.10.4135","10.1038/nsmb1183"
"10.1073/pnas.71.10.4135","10.1038/nsmb1093"
"10.1073/pnas.71.10.4135","10.1038/nsmb831"
"10.1073/pnas.71.10.4135","10.1074/jbc.r117.807453"
"10.1073/pnas.71.10.4135","10.7554/elife.74509"
"10.1073/pnas.71.10.4135","10.1007/bf00328706"
"10.1073/pnas.71.10.4135","10.1007/bf00326064"
"10.1073/pnas.71.10.4135","10.1088/1742-5468/2015/00/p07025"
"10.1073/pnas.71.10.4135","10.1088/1742-5468/2015/06/p06001"
"10.1073/pnas.71.10.4135","10.1002/pmic.201300187"
"10.1073/pnas.71.10.4135","10.1111/j.1432-1033.1997.00408.x"
"10.1073/pnas.71.10.4135","10.1038/ncomms12307"
"10.1073/pnas.71.10.4135","10.1093/nar/gkp041"
"10.1073/pnas.71.10.4135","10.1016/0014-5793(85)81015-2"
"10.1073/pnas.71.10.4135","10.1016/j.febslet.2013.05.009"
"10.1073/pnas.71.10.4135","10.1371/journal.pone.0100635"
"10.1073/pnas.71.10.4135","10.1021/ja1061399"
"10.1073/pnas.71.10.4135","10.1007/s00422-020-00846-6"
"10.1073/pnas.71.10.4135","10.1103/physrevlett.126.080601"
"10.1073/pnas.71.10.4135","10.1103/physrevlett.109.118103"
"10.1073/pnas.71.10.4135","10.3389/fbioe.2020.00893"
"10.1073/pnas.71.10.4135","10.1209/0295-5075/96/60004"
"10.1073/pnas.71.10.4135","10.1103/physreve.85.061920"
"10.1073/pnas.71.10.4135","10.1016/j.celrep.2013.09.007"
"10.1073/pnas.71.10.4135","10.4049/jimmunol.172.5.2994"
"10.1073/pnas.71.10.4135","10.1007/s00294-019-00995-7"
"10.1073/pnas.71.10.4135","10.1002/wrna.24"
"10.1073/pnas.71.10.4135","10.1073/pnas.2006731117"
"10.1073/pnas.71.10.4135","10.1073/pnas.0305962101"
"10.1073/pnas.71.10.4135","10.1016/s0006-3495(02)75633-6"
"10.1073/pnas.71.10.4135","10.1016/s0006-3495(00)76531-3"
"10.1073/pnas.71.10.4135","10.7554/elife.81608"
"10.1073/pnas.71.10.4135","10.7554/elife.75263"
"10.1073/pnas.71.10.4135","10.1038/s41467-023-40404-9"
"10.1073/pnas.71.10.4135","10.1021/bi00319a029"
"10.1073/pnas.71.10.4135","10.1126/sciadv.abl9812"
"10.1073/pnas.71.10.4135","10.1007/s12192-019-00998-w"
"10.1073/pnas.71.10.4135","10.1074/jbc.271.2.646"
"10.1073/pnas.71.10.4135","10.1016/s0021-9258(19)86519-5"
"10.1073/pnas.71.10.4135","10.1016/s0021-9258(18)54888-2"
"10.1073/pnas.71.10.4135","10.1016/s0165-2478(99)00030-9"
"10.1073/pnas.71.10.4135","10.1074/jbc.m507470200"
"10.1073/pnas.71.10.4135","10.1088/1742-5468/2010/10/p10009"
"10.1073/pnas.71.10.4135","10.1016/j.jtbi.2006.04.009"
"10.1073/pnas.71.10.4135","10.1128/jvi.25.1.73-77.1978"
"10.1073/pnas.71.10.4135","10.1128/jvi.79.18.11555-11558.2005"
"10.1073/pnas.71.10.4135","10.1111/j.1432-1033.1982.tb07006.x"
"10.1073/pnas.71.10.4135","10.1111/j.1432-1033.1981.tb06298.x"
"10.1073/pnas.71.10.4135","10.1038/s41467-020-19395-4"
"10.1073/pnas.71.10.4135","10.1016/0014-5793(81)80076-2"
"10.1073/pnas.71.10.4135","10.1016/j.febslet.2011.12.024"
"10.1073/pnas.71.10.4135","10.1146/annurev-biochem-040320-103630"
"10.1073/pnas.71.10.4135","10.1146/annurev-biochem-071921-122857"
"10.1073/pnas.71.10.4135","10.1146/annurev-biochem-060815-014818"
"10.1073/pnas.71.10.4135","10.1146/annurev-biochem-060614-034150"
"10.1073/pnas.71.10.4135","10.1146/annurev-biochem-060713-035546"
"10.1073/pnas.71.10.4135","10.1146/annurev-biochem-113009-092313"
"10.1073/pnas.71.10.4135","10.1146/annurev-biochem-060408-173330"
"10.1073/pnas.71.10.4135","10.1146/annurev.biochem.77.070606.101431"
"10.1073/pnas.71.10.4135","10.1146/annurev.biochem.74.061903.155440"
"10.1073/pnas.71.10.4135","10.1146/annurev.biochem.73.011303.073723"
"10.1073/pnas.71.10.4135","10.1016/j.ymeth.2019.02.014"
"10.1073/pnas.71.10.4135","10.15406/mojabb.2018.02.00043"
"10.1073/pnas.71.10.4135","10.1002/ijch.201400018"
"10.1073/pnas.71.10.4135","10.1119/5.0060279"
"10.1073/pnas.71.10.4135","10.1111/j.1365-2958.1992.tb01516.x"
"10.1073/pnas.71.10.4135","10.1128/mcb.5.4.816-822.1985"
"10.1073/pnas.71.10.4135","10.1073/pnas.2008509117"
"10.1073/pnas.71.10.4135","10.1073/pnas.2010804117"
"10.1073/pnas.71.10.4135","10.1073/pnas.2008303117"
"10.1073/pnas.71.10.4135","10.1073/pnas.0808831105"
"10.1073/pnas.71.10.4135","10.1016/s0006-3495(03)74955-8"
"10.1073/pnas.71.10.4135","10.1038/35107180"
"10.1073/pnas.71.10.4135","10.1002/qua.560160712"
"10.1073/pnas.71.10.4135","10.1126/science.1334572"
"10.1073/pnas.71.10.4135","10.3109/10409239309085137"
"10.1073/pnas.71.10.4135","10.1080/10409239891204189"
"10.1073/pnas.71.10.4135","10.1016/s0021-9258(17)37742-6"
"10.1073/pnas.71.10.4135","10.1016/s0165-2478(99)00031-0"
"10.1073/pnas.71.10.4135","10.1371/journal.pone.0121681"
"10.1073/pnas.71.10.4135","10.1021/acs.langmuir.0c01763"
"10.1073/pnas.71.10.4135","10.1093/nar/gkac270"
"10.1073/pnas.71.10.4135","10.1093/nar/gkac171"
"10.1073/pnas.71.10.4135","10.1002/em.2860080511"
"10.1073/pnas.71.10.4135","10.1016/j.ymeth.2017.01.006"
"10.1073/pnas.71.10.4135","10.1119/10.0000634"
"10.1073/pnas.71.10.4135","10.1002/bies.202000055"
"10.1073/pnas.71.10.4135","10.1002/bies.201900135"
"10.1073/pnas.71.10.4135","10.1002/bies.201800244"
"10.1073/pnas.71.10.4135","10.1111/j.1365-2958.1994.tb01001.x"
"10.1073/pnas.71.10.4135","10.1002/cbdv.200790164"
"10.1073/pnas.71.10.4135","10.1016/j.cam.2004.07.035"
"10.1073/pnas.71.10.4135","10.1073/pnas.030541097"
"10.1073/pnas.71.10.4135","10.1073/pnas.1323856111"
"10.1073/pnas.71.10.4135","10.1016/0014-5793(83)80026-x"
"10.1073/pnas.71.10.4135","10.1002/qua.560140743"
"10.1073/pnas.71.10.4135","10.1126/science.3898363"
"10.1073/pnas.71.10.4135","10.1088/2399-6528/aab654"
"10.1073/pnas.71.10.4135","10.1261/rna.054486.115"
"10.1073/pnas.71.10.4135","10.1016/j.bmc.2021.116207"
"10.1073/pnas.71.10.4135","10.1074/jbc.270.44.26377"
"10.1073/pnas.71.10.4135","10.1016/s0021-9258(18)34482-x"
"10.1073/pnas.71.10.4135","10.1074/jbc.ra120.013824"
"10.1073/pnas.71.10.4135","10.1007/bf02428051"
"10.1073/pnas.71.10.4135","10.1098/rsif.2021.0883"
"10.1073/pnas.71.10.4135","10.1098/rsif.2019.0198"
"10.1073/pnas.71.10.4135","10.1002/pmic.200600442"
"10.1073/pnas.71.10.4135","10.1016/j.ifacol.2016.12.144"
"10.1073/pnas.71.10.4135","10.1016/j.crhy.2015.09.004"
"10.1073/pnas.71.10.4135","10.1080/08927029308048269"
"10.1073/pnas.71.10.4135","10.1016/j.molcel.2022.04.017"
"10.1073/pnas.71.10.4135","10.1016/j.molcel.2020.04.029"
"10.1073/pnas.71.10.4135","10.1016/j.bbamcr.2014.10.025"
"10.1073/pnas.71.10.4135","10.1146/annurev-conmatphys-031218-013309"
"10.1073/pnas.71.10.4135","10.1146/annurev-conmatphys-031214-014803"
"10.1073/pnas.71.10.4135","10.1146/annurev-conmatphys-031113-133924"
"10.1073/pnas.71.10.4135","10.1103/physrevlett.124.028101"
"10.1073/pnas.71.10.4135","10.1002/bies.201200092"
"10.1073/pnas.71.10.4135","10.1111/j.1365-2958.1991.tb01872.x"
"10.1073/pnas.71.10.4135","10.1073/pnas.1920873117"
"10.1073/pnas.71.10.4135","10.1073/pnas.0805209105"
"10.1073/pnas.71.10.4135","10.1073/pnas.0802049105"
"10.1073/pnas.71.10.4135","10.1038/416281a"
"10.1073/pnas.71.10.4135","10.1016/0014-5793(83)80169-0"
"10.1073/pnas.71.10.4135","10.1261/rna.039792.113"
"10.1073/pnas.71.10.4135","10.1128/jb.179.14.4567-4574.1997"
"10.1073/pnas.71.10.4135","10.1088/1572-9494/ac3993"
"10.1073/pnas.71.10.4135","10.1007/bf00425749"
"10.1073/pnas.71.10.4135","10.1101/gr.225615.117"
"10.1073/pnas.71.10.4135","10.1098/rsif.2016.0990"
"10.1073/pnas.71.10.4135","10.1586/erm.10.89"
"10.1073/pnas.71.10.4135","10.1111/j.1432-1033.1988.tb14289.x"
"10.1073/pnas.71.10.4135","10.1111/j.1432-1033.1986.tb09630.x"
"10.1073/pnas.71.10.4135","10.1111/j.1432-1033.1983.tb07643.x"
"10.1073/pnas.71.10.4135","10.1111/j.1432-1033.1986.tb09970.x"
"10.1073/pnas.71.10.4135","10.1016/j.molcel.2019.07.009"
"10.1073/pnas.71.10.4135","10.1016/j.molcel.2019.06.041"
"10.1073/pnas.71.10.4135","10.1016/j.molcel.2018.08.021"
"10.1073/pnas.71.10.4135","10.1016/j.coisb.2019.10.017"
"10.1073/pnas.71.10.4135","10.1016/j.coisb.2019.10.008"
"10.1073/pnas.71.10.4135","10.1016/j.cels.2021.05.013"
"10.1073/pnas.71.10.4135","10.1016/j.cels.2019.07.008"
"10.1073/pnas.71.10.4135","10.1007/s10955-015-1445-0"
"10.1073/pnas.71.10.4135","10.1007/s10955-015-1444-1"
"10.1073/pnas.71.10.4135","10.1007/s10955-015-1440-5"
"10.1073/pnas.71.10.4135","10.1007/s10955-015-1431-6"
"10.1073/pnas.71.10.4135","10.1007/s10955-015-1399-2"
"10.1073/pnas.71.10.4135","10.1007/s10955-015-1332-8"
"10.1073/pnas.71.10.4135","10.1128/ec.3.2.331-338.2004"
"10.1073/pnas.71.10.4135","10.1126/stke.3762007pe9"
"10.1073/pnas.71.10.4135","10.35459/tbp.2019.000101"
"10.1073/pnas.71.10.4135","10.1128/cmr.16.3.430-450.2003"
"10.1073/pnas.71.10.4135","10.1097/coh.0b013e32834dde31"
"10.1073/pnas.71.10.4135","10.1038/srep05688"
"10.1073/pnas.71.10.4135","10.1007/s00412-011-0340-y"
"10.1073/pnas.71.10.4135","10.1007/s00412-010-0298-1"
"10.1073/pnas.71.10.4135","10.1073/pnas.1904469117"
"10.1073/pnas.71.10.4135","10.1073/pnas.1911188117"
"10.1073/pnas.71.10.4135","10.1073/pnas.1911028117"
"10.1073/pnas.71.10.4135","10.1073/pnas.162369099"
"10.1073/pnas.71.10.4135","10.1016/0014-5793(82)80693-5"
"10.1073/pnas.71.10.4135","10.1016/0014-5793(81)80076-2"
"10.1073/pnas.71.10.4135","10.1126/science.8446899"
"10.1073/pnas.71.10.4135","10.1021/bi00663a034"
"10.1073/pnas.71.10.4135","10.1261/rna.2232710"
"10.1073/pnas.71.10.4135","10.1261/rna.2201210"
"10.1073/pnas.71.10.4135","10.1261/rna.1530509"
"10.1073/pnas.71.10.4135","10.1261/rna.735107"
"10.1073/pnas.71.10.4135","10.1261/rna.552007"
"10.1073/pnas.71.10.4135","10.1261/rna.412707"
"10.1073/pnas.71.10.4135","10.1261/rna.294907"
"10.1073/pnas.71.10.4135","10.1016/s0968-0004(02)02149-7"
"10.1073/pnas.71.10.4135","10.1016/s0092-8674(02)01086-3"
"10.1073/pnas.71.10.4135","10.1016/s0092-8674(02)00619-0"
"10.1073/pnas.71.10.4135","10.1042/bst20120068"
"10.1073/pnas.71.10.4135","10.1007/s40484-020-0201-x"
"10.1073/pnas.71.10.4135","10.1038/s41594-021-00632-3"
"10.1073/pnas.71.10.4135","10.1038/s41594-018-0030-z"
"10.1073/pnas.71.10.4135","10.1088/0253-6102/62/4/12"
"10.1073/pnas.71.10.4135","10.1074/jbc.ra119.007554"
"10.1073/pnas.71.10.4135","10.1007/bf00425571"
"10.1073/pnas.71.10.4135","10.1007/bf00430434"
"10.1073/pnas.71.10.4135","10.1007/bf00383516"
"10.1073/pnas.71.10.4135","10.1098/rsif.2013.0489"
"10.1073/pnas.71.10.4135","10.1038/ncomms6849"
"10.1073/pnas.71.10.4135","10.1021/acs.chemrev.0c00819"
"10.1073/pnas.71.10.4135","10.1021/acs.chemrev.9b00620"
"10.1073/pnas.71.10.4135","10.1021/acs.chemrev.9b00254"
"10.1073/pnas.71.10.4135","10.1034/j.1600-0854.2003.40202.x"
"10.1073/pnas.71.10.4135","10.1034/j.1600-0854.2002.030402.x"
"10.1073/pnas.71.10.4135","10.1371/journal.pone.0218930"
"10.1073/pnas.71.10.4135","10.1371/journal.pone.0119588"
"10.1073/pnas.71.10.4135","10.1371/journal.pone.0001021"
"10.1073/pnas.71.10.4135","10.1371/journal.pone.0000468"
"10.1073/pnas.71.10.4135","10.1088/1367-2630/ac0389"
"10.1073/pnas.71.10.4135","10.1088/1367-2630/abecb0"
"10.1073/pnas.71.10.4135","10.1103/physrevresearch.4.023234"
"10.1073/pnas.71.10.4135","10.1142/s0217979218400015"
"10.1073/pnas.71.10.4135","10.1103/physrevlett.123.038101"
"10.1073/pnas.71.10.4135","10.3389/fphy.2019.00014"
"10.1073/pnas.71.10.4135","10.1103/physics.9.12"
"10.1073/pnas.71.10.4135","10.1103/physics.3.49"
"10.1073/pnas.71.10.4135","10.1038/s41598-018-31641-w"
"10.1073/pnas.71.10.4135","10.1111/j.1749-6632.1994.tb44360.x"
"10.1073/pnas.71.10.4135","10.1098/rspb.2006.3732"
"10.1073/pnas.71.10.4135","10.1073/pnas.102167799"
"10.1073/pnas.71.10.4135","10.1038/s41567-022-01601-3"
"10.1073/pnas.71.10.4135","10.1073/pnas.2205791119"
"10.1073/pnas.71.10.4135","10.1038/270301a0"
"10.1073/pnas.71.10.4135","10.1038/s41467-023-36705-8"
"10.1073/pnas.71.10.4135","10.3390/ma16083037"
"10.1073/pnas.71.10.4135","10.1126/science.aac8167"
"10.1073/pnas.71.10.4135","10.1039/c7sc03236f"
"10.1073/pnas.71.10.4135","10.1021/acs.jpcb.0c06180"
"10.1073/pnas.71.10.4135","10.1021/jp061858z"
"10.1073/pnas.71.10.4135","10.1146/annurev-immunol-032414-112158"
"10.1073/pnas.71.10.4135","10.1038/nsmb.3147"
"10.1073/pnas.71.10.4135","10.1038/nsmb.3154"
"10.1073/pnas.71.10.4135","10.1038/nsmb.2240"
"10.1073/pnas.71.10.4135","10.1002/ejoc.200300015"
"10.1073/pnas.71.10.4135","10.1046/j.1365-2222.2001.01104.x"
"10.1073/pnas.71.10.4135","10.1128/jb.175.1.240-250.1993"
"10.1073/pnas.71.10.4135","10.1016/s0021-9258(18)33751-7"
"10.1073/pnas.71.10.4135","10.1016/s0021-9258(18)61038-5"
"10.1073/pnas.71.10.4135","10.1016/s0021-9258(19)69555-4"
"10.1073/pnas.71.10.4135","10.1103/physrevresearch.6.013082"
"10.1073/pnas.71.10.4135","10.1016/j.ceb.2021.02.010"
"10.1073/pnas.71.10.4135","10.1063/5.0133489"
"10.1073/pnas.71.10.4135","10.1111/1462-2920.12270"
"10.1073/pnas.71.10.4135","10.1098/rsos.231369"
"10.1073/pnas.71.10.4135","10.1016/j.isci.2023.108740"
"10.1073/pnas.71.10.4135","10.1016/j.ceb.2011.11.008"
"10.1073/pnas.71.10.4135","10.1002/anie.202114581"
"10.1073/pnas.71.10.4135","10.1111/j.1742-4658.2009.07027.x"
"10.1073/pnas.71.10.4135","10.1016/j.pbiomolbio.2016.02.001"
"10.1073/pnas.71.10.4135","10.1021/cr800414e"
"10.1073/pnas.71.10.4135","10.1016/j.molcel.2008.11.017"
"10.1073/pnas.71.10.4135","10.1093/nar/gkab033"
"10.1073/pnas.71.10.4135","10.3390/molecules25010003"
"10.1073/pnas.71.10.4135","10.1088/1478-3975/13/6/066011"
"10.1073/pnas.71.10.4135","10.1088/1478-3975/10/3/035008"
"10.1073/pnas.71.10.4135","10.1088/1478-3975/9/4/045005"
"10.1073/pnas.71.10.4135","10.1088/1478-3975/9/3/036002"
"10.1073/pnas.71.10.4135","10.1088/1478-3975/7/1/016003"
"10.1073/pnas.71.10.4135","10.1088/1478-3975/6/3/036011"
"10.1073/pnas.71.10.4135","10.1021/acs.jpclett.1c00190"
"10.1073/pnas.71.10.4135","10.1021/jacs.6b00277"
"10.1073/pnas.71.10.4135","10.1021/ja709971y"
"10.1073/pnas.71.10.4135","10.1002/wcms.1612"
"10.1073/pnas.71.10.4135","10.1085/jgp.201912467"
"10.1073/pnas.71.10.4135","10.1103/physrevresearch.2.013210"
"10.1073/pnas.71.10.4135","10.1016/j.jmb.2014.07.005"
"10.1073/pnas.71.10.4135","10.1017/s0033583516000056"
"10.1073/pnas.71.10.4135","10.1017/s0033583509990060"
"10.1073/pnas.71.10.4135","10.1017/s0033583500005254"
"10.1073/pnas.71.10.4135","10.1017/s0033583500005370"
"10.1073/pnas.71.10.4135","10.1017/s0033583500002869"
"10.1073/pnas.71.10.4135","10.1017/s0033583500005205"
"10.1073/pnas.71.10.4135","10.1017/s0033583500001669"
"10.1073/pnas.71.10.4135","10.1016/j.bpj.2022.03.005"
"10.1073/pnas.71.10.4135","10.1016/j.bpj.2021.11.024"
"10.1073/pnas.71.10.4135","10.1016/j.bpj.2021.10.039"
"10.1073/pnas.71.10.4135","10.1073/pnas.1808775116"
"10.1073/pnas.71.10.4135","10.1073/pnas.1806859115"
"10.1073/pnas.71.10.4135","10.1038/nphys2302"
"10.1073/pnas.71.10.4135","10.1038/nphys2276"
"10.1073/pnas.71.10.4135","10.3390/ijms24032266"
"10.1073/pnas.71.10.4135","10.1126/science.1248737"
"10.1073/pnas.71.10.4135","10.1021/bi00002a013"
"10.1073/pnas.71.10.4135","10.1021/bi00686a010"
"10.1073/pnas.71.10.4135","10.1016/j.btecx.2020.100024"
"10.1073/pnas.71.10.4135","10.1016/s0021-9258(18)91061-6"
"10.1073/pnas.71.10.4135","10.1007/bf00931489"
"10.1073/pnas.71.10.4135","10.1007/bf00266619"
"10.1073/pnas.71.10.4135","10.1073/pnas.2211203120"
"10.1073/pnas.71.10.4135","10.1073/pnas.2212795120"
"10.1073/pnas.71.10.4135","10.1111/gcb.16925"
"10.1073/pnas.71.10.4135","10.1073/pnas.2213067120"
"10.1073/pnas.71.10.4135","10.1073/pnas.2215694120"
"10.1073/pnas.71.10.4135","10.1093/nar/gkad007"
"10.1073/pnas.71.10.4135","10.1146/annurev-biophys-090622-102329"
"10.1073/pnas.71.10.4135","10.1002/wrna.1792"
"10.1073/pnas.71.10.4135","10.1002/yea.3374"
"10.1073/pnas.71.10.4135","10.1111/1751-7915.13378"
"10.1073/pnas.71.10.4135","10.1021/ac2032222"
"10.1073/pnas.71.10.4135","10.1128/jvi.01606-18"
"10.1073/pnas.71.10.4135","10.1128/jvi.01031-17"
"10.1073/pnas.71.10.4135","10.1016/j.cccn.2005.04.038"
"10.1073/pnas.71.10.4135","10.1016/j.pbiomolbio.2011.07.011"
"10.1073/pnas.71.10.4135","10.1016/j.pbiomolbio.2009.12.007"
"10.1073/pnas.71.10.4135","10.1111/j.1432-1033.1986.tb09609.x"
"10.1073/pnas.71.10.4135","10.1101/cshperspect.a032474"
"10.1073/pnas.71.10.4135","10.1016/j.molcel.2007.01.015"
"10.1073/pnas.71.10.4135","10.1093/nar/gkz902"
"10.1073/pnas.71.10.4135","10.1002/ange.200900647"
"10.1073/pnas.71.10.4135","10.1200/cci.18.00057"
"10.1073/pnas.71.10.4135","10.1021/acs.jpclett.0c01073"
"10.1073/pnas.71.10.4135","10.1021/acs.jpclett.0c00545"
"10.1073/pnas.71.10.4135","10.1063/5.0043671"
"10.1073/pnas.71.10.4135","10.1515/bchm2.1978.359.2.1541"
"10.1073/pnas.71.10.4135","10.1371/journal.pcbi.1009913"
"10.1073/pnas.71.10.4135","10.1371/journal.pgen.1003810"
"10.1073/pnas.71.10.4135","10.1088/1367-2630/18/3/033006"
"10.1073/pnas.71.10.4135","10.1088/1367-2630/17/5/055026"
"10.1073/pnas.71.10.4135","10.1126/scisignal.abj9842"
"10.1073/pnas.71.10.4135","10.1016/j.jmb.2013.07.003"
"10.1073/pnas.71.10.4135","10.1016/j.jmb.2013.02.038"
"10.1073/pnas.71.10.4135","10.1016/j.jmb.2012.10.009"
"10.1073/pnas.71.10.4135","10.1016/j.jmb.2012.07.025"
"10.1073/pnas.71.10.4135","10.3109/10409237909102564"
"10.1073/pnas.71.10.4135","10.1016/j.ijmm.2013.07.006"
"10.1073/pnas.71.10.4135","10.1016/j.bpj.2020.06.002"
"10.1073/pnas.71.10.4135","10.1529/biophysj.108.131771"
"10.1073/pnas.71.10.4135","10.1128/mcb.15.1.298"
"10.1073/pnas.71.10.4135","10.1073/pnas.131215498"
"10.1073/pnas.71.10.4135","10.1073/pnas.1721096115"
"10.1073/pnas.71.10.4135","10.1016/j.bpj.2012.11.2341"
"10.1073/pnas.71.10.4135","10.1016/j.cossms.2018.11.002"
"10.1073/pnas.71.10.4135","10.1038/44872"
"10.1073/pnas.71.10.4135","10.1002/qua.560230238"
"10.1073/pnas.71.10.4135","10.1002/qua.20385"
"10.1073/pnas.71.10.4135","10.1103/physreve.106.064128"
"10.1073/pnas.71.10.4135","10.1002/ange.202309501"
"10.1073/pnas.71.10.4135","10.1016/j.it.2021.09.004"
"10.1073/pnas.71.10.4135","10.1126/science.8146659"
"10.1073/pnas.71.10.4135","10.1021/bi00528a001"
"10.1073/pnas.71.10.4135","10.1021/bi00580a034"
"10.1073/pnas.71.10.4135","10.1103/physreve.105.044140"
"10.1073/pnas.71.10.4135","10.1016/j.cbpa.2010.08.001"
"10.1073/pnas.71.10.4135","10.1021/acs.jpcb.7b06828"
"10.1073/pnas.71.10.4135","10.1016/j.cell.2018.04.005"
"10.1073/pnas.71.10.4135","10.1128/jb.170.8.3756-3760.1988"
"10.1073/pnas.71.10.4135","10.1155/2010/960298"
"10.1073/pnas.71.10.4135","10.3389/fendo.2022.1029177"
"10.1073/pnas.71.10.4135","10.1021/acs.jpclett.3c00345"
"10.1073/pnas.71.10.4135","10.1016/j.bpj.2023.02.028"
"10.1073/pnas.71.10.4135","10.1016/j.bpj.2022.12.028"
"10.1073/pnas.71.10.4135","10.1016/j.molcel.2023.01.019"
"10.1073/pnas.71.10.4135","10.15406/mojabb.2021.05.00151"
"10.1073/pnas.71.10.4135","10.1098/rsif.2022.0810"
"10.1073/pnas.71.10.4135","10.1007/s10739-014-9382-3"
"10.1073/pnas.71.10.4135","10.1016/j.cplett.2011.12.065"
"10.1073/pnas.71.10.4135","10.1158/2326-6066.cir-15-0042"
"10.1073/pnas.71.10.4135","10.1002/wsbm.1306"
"10.1073/pnas.71.10.4135","10.1586/epr.13.7"
"10.1073/pnas.71.10.4135","10.1038/ncomms1850"
"10.1073/pnas.71.10.4135","10.1093/nar/gkz701"
"10.1073/pnas.71.10.4135","10.1093/nar/gkz254"
"10.1073/pnas.71.10.4135","10.1093/nar/gkz008"
"10.1073/pnas.71.10.4135","10.1007/s00018-017-2503-3"
"10.1073/pnas.71.10.4135","10.1016/j.plrev.2010.08.002"
"10.1073/pnas.71.10.4135","10.1371/journal.pone.0113516"
"10.1073/pnas.71.10.4135","10.1371/journal.pone.0065623"
"10.1073/pnas.71.10.4135","10.1371/journal.pcbi.1008359"
"10.1073/pnas.71.10.4135","10.1371/journal.pcbi.1008654"
"10.1073/pnas.71.10.4135","10.1371/journal.pcbi.1007884"
"10.1073/pnas.71.10.4135","10.1371/journal.pcbi.1007789"
"10.1073/pnas.71.10.4135","10.1088/1367-2630/16/10/103024"
"10.1073/pnas.71.10.4135","10.1016/j.bpj.2018.08.013"
"10.1073/pnas.71.10.4135","10.1016/j.mib.2008.02.015"
"10.1073/pnas.71.10.4135","10.1073/pnas.1721431115"
"10.1073/pnas.71.10.4135","10.1073/pnas.1119911109"
"10.1073/pnas.71.10.4135","10.1088/1742-5468/ac85e8"
"10.1073/pnas.71.10.4135","10.1038/s41467-022-34516-x"
"10.1073/pnas.71.10.4135","10.1073/pnas.1817255116"
"10.1073/pnas.71.10.4135","10.1007/bf00596848"
"10.1073/pnas.71.10.4135","10.1088/0953-8984/29/2/025101"
"10.1073/pnas.71.10.4135","10.1088/0953-8984/28/15/153004"
"10.1073/pnas.71.10.4135","10.1103/physreve.104.034417"
"10.1073/pnas.71.10.4135","10.1103/physreve.104.014408"
"10.1073/pnas.71.10.4135","10.1103/physreve.103.062412"
"10.1073/pnas.71.10.4135","10.1016/j.cbpa.2008.01.016"
"10.1073/pnas.71.10.4135","10.1016/j.cell.2017.03.006"
"10.1073/pnas.71.10.4135","10.1016/j.cell.2016.06.012"
"10.1073/pnas.71.10.4135","10.1016/j.cell.2016.02.047"
"10.1073/pnas.71.10.4135","10.1016/s0021-9258(18)43486-2"
"10.1073/pnas.71.10.4135","10.7554/elife.60415"
"10.1073/pnas.71.10.4135","10.1101/gad.7.2.173"
"10.1073/pnas.71.10.4135","10.1021/acs.jpcb.3c01376"
"10.1073/pnas.71.10.4135","10.1093/nar/gky1178"
"10.1073/pnas.71.10.4135","10.1093/nar/gky346"
"10.1073/pnas.71.10.4135","10.1016/s0167-4781(98)00169-9"
"10.1073/pnas.71.10.4135","10.1007/bf01933911"
"10.1073/pnas.71.10.4135","10.1051/mmnp/20105313"
"10.1073/pnas.71.10.4135","10.1371/journal.pone.0163134"
"10.1073/pnas.71.10.4135","10.1371/journal.pone.0066112"
"10.1073/pnas.71.10.4135","10.1371/journal.pone.0015004"
"10.1073/pnas.71.10.4135","10.1021/ja511945e"
"10.1073/pnas.71.10.4135","10.1186/s12915-015-0117-5"
"10.1073/pnas.71.10.4135","10.1186/s12915-014-0102-4"
"10.1073/pnas.71.10.4135","10.1186/1741-7007-12-29"
"10.1073/pnas.71.10.4135","10.1186/1741-7007-11-110"
"10.1073/pnas.71.10.4135","10.1083/jcb.200909175"
"10.1073/pnas.71.10.4135","10.1083/jcb.200811080"
"10.1073/pnas.71.10.4135","10.1063/5.0018558"
"10.1073/pnas.71.10.4135","10.1063/5.0009747"
"10.1073/pnas.71.10.4135","10.1063/1.5144726"
"10.1073/pnas.71.10.4135","10.1146/annurev.physchem.58.032806.104550"
"10.1073/pnas.71.10.4135","10.1371/journal.pcbi.1007681"
"10.1073/pnas.71.10.4135","10.1103/physrevlett.118.158103"
"10.1073/pnas.71.10.4135","10.1016/j.jmb.2010.04.038"
"10.1073/pnas.71.10.4135","10.1016/j.jmb.2009.10.031"
"10.1073/pnas.71.10.4135","10.1038/nnano.2008.190"
"10.1073/pnas.71.10.4135","10.1016/j.bpj.2017.12.008"
"10.1073/pnas.71.10.4135","10.1016/j.bpj.2017.06.010"
"10.1073/pnas.71.10.4135","10.1529/biophysj.105.066001"
"10.1073/pnas.71.10.4135","10.1529/biophysj.105.080044"
"10.1073/pnas.71.10.4135","10.1016/0301-4622(92)80030-9"
"10.1073/pnas.71.10.4135","10.1002/anie.202317997"
"10.1073/pnas.71.10.4135","10.1021/bi00279a005"
"10.1073/pnas.71.10.4135","10.1088/0953-8984/27/6/064108"
"10.1073/pnas.71.10.4135","10.1103/physreve.103.052411"
"10.1073/pnas.71.10.4135","10.1103/physreve.103.032110"
"10.1073/pnas.71.10.4135","10.1016/j.cell.2015.03.052"
"10.1073/pnas.71.10.4135","10.1016/j.cell.2014.08.042"
"10.1073/pnas.71.10.4135","10.7554/elife.52483"
"10.1073/pnas.71.10.4135","10.1016/s0021-9258(19)68712-0"
"10.1073/pnas.71.10.4135","10.1016/s0021-9258(19)40720-5"
"10.1073/pnas.71.10.4135","10.1046/j.1440-1592.1999.00132.x"
"10.1073/pnas.71.10.4135","10.1111/j.1432-1033.1990.tb15409.x"
"10.1073/pnas.71.10.4135","10.1093/nar/gkx1256"
"10.1073/pnas.71.10.4135","10.1093/nar/gkx849"
"10.1073/pnas.71.10.4135","10.1016/1010-6030(94)02007-8"
"10.1073/pnas.71.10.4135","10.1021/acs.jpclett.7b03197"
"10.1073/pnas.71.10.4135","10.1016/j.biochi.2015.04.013"
"10.1073/pnas.71.10.4135","10.1063/1.5120511"
"10.1073/pnas.71.10.4135","10.1063/1.3274803"
"10.1073/pnas.71.10.4135","10.1371/journal.pcbi.1005490"
"10.1073/pnas.71.10.4135","10.1007/s11047-017-9646-x"
"10.1073/pnas.71.10.4135","10.1007/s11047-013-9379-4"
"10.1073/pnas.71.10.4135","10.1016/s0969-2126(96)00122-0"
"10.1073/pnas.71.10.4135","10.1128/ecosalplus.2.5.4"
"10.1073/pnas.71.10.4135","10.1103/physrevlett.102.258101"
"10.1073/pnas.71.10.4135","10.1093/genetics/148.4.1551"
"10.1073/pnas.71.10.4135","10.3390/life12040567"
"10.1073/pnas.71.10.4135","10.1111/j.1749-6632.1979.tb14140.x"
"10.1073/pnas.71.10.4135","10.1016/j.bbagrm.2013.02.006"
"10.1073/pnas.71.10.4135","10.1007/s12304-021-09405-3"
"10.1073/pnas.71.10.4135","10.1007/s12304-012-9143-7"
"10.1073/pnas.71.10.4135","10.1016/j.bpj.2016.01.022"
"10.1073/pnas.71.10.4135","10.1098/rstb.2016.0185"
"10.1073/pnas.71.10.4135","10.1073/pnas.1712962114"
"10.1073/pnas.71.10.4135","10.1073/pnas.1200939109"
"10.1073/pnas.71.10.4135","10.1021/acs.jpcb.2c05513"
"10.1073/pnas.71.10.4135","10.1016/0014-5793(78)81001-1"
"10.1073/pnas.71.10.4135","10.1038/s43588-021-00076-1"
"10.1073/pnas.71.10.4135","10.1021/bi00345a040"
"10.1073/pnas.71.10.4135","10.1103/physreve.101.062420"
"10.1073/pnas.71.10.4135","10.1103/physreve.101.062125"
"10.1073/pnas.71.10.4135","10.1016/j.cell.2013.03.032"
"10.1073/pnas.71.10.4135","10.1016/j.tcs.2004.03.015"
"10.1073/pnas.71.10.4135","10.1128/jb.153.1.357-363.1983"
"10.1073/pnas.71.10.4135","10.1128/jb.02579-14"
"10.1073/pnas.71.10.4135","10.1016/s0021-9258(17)35774-5"
"10.1073/pnas.71.10.4135","10.1101/gad.1336305"
"10.1073/pnas.71.10.4135","10.1016/s0021-9258(18)45991-1"
"10.1073/pnas.71.10.4135","10.1074/jbc.m806717200"
"10.1073/pnas.71.10.4135","10.1134/s0026893320050027"
"10.1073/pnas.71.10.4135","10.1134/s0026893320040159"
"10.1073/pnas.71.10.4135","10.1134/s0026893319020043"
"10.1073/pnas.71.10.4135","10.1111/j.1432-1033.1989.tb14525.x"
"10.1073/pnas.71.10.4135","10.1111/j.1432-1033.1992.tb17441.x"
"10.1073/pnas.71.10.4135","10.1007/bf01923511"
"10.1073/pnas.71.10.4135","10.1021/acs.jpclett.7b00441"
"10.1073/pnas.71.10.4135","10.1016/j.biochi.2012.05.019"
"10.1073/pnas.71.10.4135","10.1371/journal.pcbi.1005421"
"10.1073/pnas.71.10.4135","10.2142/biophysics.11.85"
"10.1073/pnas.71.10.4135","10.1016/s0531-5565(02)00030-x"
"10.1073/pnas.71.10.4135","10.1002/prot.24131"
"10.1073/pnas.71.10.4135","10.1103/physrevlett.84.2271"
"10.1073/pnas.71.10.4135","10.1016/j.jmb.2008.11.056"
"10.1073/pnas.71.10.4135","10.1016/j.jmb.2008.08.009"
"10.1073/pnas.71.10.4135","10.1016/s0166-1280(00)00329-8"
"10.1073/pnas.71.10.4135","10.1038/ng1956"
"10.1073/pnas.71.10.4135","10.1002/cbic.200500364"
"10.1073/pnas.71.10.4135","10.1002/cbic.200500299"
"10.1073/pnas.71.10.4135","10.1016/j.bpc.2011.05.006"
"10.1073/pnas.71.10.4135","10.1529/biophysj.104.050765"
"10.1073/pnas.71.10.4135","10.1529/biophysj.104.042929"
"10.1073/pnas.71.10.4135","10.1073/pnas.1708148114"
"10.1073/pnas.71.10.4135","10.1073/pnas.1116480109"
"10.1073/pnas.71.10.4135","10.1038/342142a0"
"10.1073/pnas.71.10.4135","10.1103/physreve.106.044405"
"10.1073/pnas.71.10.4135","10.1016/0014-5793(77)80792-8"
"10.1073/pnas.71.10.4135","10.1002/anie.202309501"
"10.1073/pnas.71.10.4135","10.1007/bf00450633"
"10.1073/pnas.71.10.4135","10.1021/bi00342a019"
"10.1073/pnas.71.10.4135","10.1088/0953-8984/25/37/374104"
"10.1073/pnas.71.10.4135","10.1103/physreve.101.040401"
"10.1073/pnas.71.10.4135","10.1103/physreve.101.042204"
"10.1073/pnas.71.10.4135","10.1103/physreve.101.022415"
"10.1073/pnas.71.10.4135","10.1103/physreve.101.012410"
"10.1073/pnas.71.10.4135","10.1103/physreve.101.012409"
"10.1073/pnas.71.10.4135","10.1103/physreve.100.062502"
"10.1073/pnas.71.10.4135","10.1016/j.cell.2010.06.039"
"10.1073/pnas.71.10.4135","10.7554/elife.42498"
"10.1073/pnas.71.10.4135","10.7554/elife.41017"
"10.1073/pnas.71.10.4135","10.7554/elife.39180"
"10.1073/pnas.71.10.4135","10.1101/gad.1131003"
"10.1073/pnas.71.10.4135","10.1016/s0021-9258(19)69044-7"
"10.1073/pnas.71.10.4135","10.1134/s0026893306040182"
"10.1073/pnas.71.10.4135","10.1098/rsob.180249"
"10.1073/pnas.71.10.4135","10.1002/eji.201445214"
"10.1073/pnas.71.10.4135","10.1371/journal.pcbi.1004351"
"10.1073/pnas.71.10.4135","10.3390/biom11101530"
"10.1073/pnas.71.10.4135","10.1142/s0217979203018028"
"10.1073/pnas.71.10.4135","10.1103/physrevlett.115.260603"
"10.1073/pnas.71.10.4135","10.1103/physrevlett.115.248101"
"10.1073/pnas.71.10.4135","10.1016/j.semcdb.2014.06.012"
"10.1073/pnas.71.10.4135","10.1038/ni.2940"
"10.1073/pnas.71.10.4135","10.1016/s0301-4622(03)00068-1"
"10.1073/pnas.71.10.4135","10.1016/j.molcatb.2009.03.015"
"10.1073/pnas.71.10.4135","10.1080/01442350902999682"
"10.1073/pnas.71.10.4135","10.1073/pnas.1614838114"
"10.1073/pnas.71.10.4135","10.1016/j.bpj.2014.10.022"
"10.1073/pnas.71.10.4135","10.1126/science.277.5330.1262"
"10.1073/pnas.71.10.4135","10.1016/0014-5793(75)80702-2"
"10.1073/pnas.71.10.4135","10.1016/s0161-5890(02)00065-2"
"10.1073/pnas.71.10.4135","10.1049/ip-syb:20050086"
"10.1073/pnas.71.10.4135","10.1103/physrevlett.129.278001"
"10.1073/pnas.71.10.4135","10.1063/5.0166848"
"10.1073/pnas.71.10.4135","10.1126/science.1111408"
"10.1073/pnas.71.10.4135","10.1126/science.1113415"
"10.1073/pnas.71.10.4135","10.1103/physreve.100.012131"
"10.1073/pnas.71.10.4135","10.1088/1674-1056/25/1/018706"
"10.1073/pnas.71.10.4135","10.1016/j.cell.2009.01.036"
"10.1073/pnas.71.10.4135","10.1016/j.cell.2009.01.019"
"10.1073/pnas.71.10.4135","10.1016/0040-4020(77)84042-8"
"10.1073/pnas.71.10.4135","10.21468/scipostphys.12.4.139"
"10.1073/pnas.71.10.4135","10.1016/s0021-9258(17)30278-8"
"10.1073/pnas.71.10.4135","10.1098/rspa.2016.0822"
